DOhky,MAYOT,ARISTOCRAT,Джаз
LWXZl,IC3PEAK,Лесник,Панк
Abfio,Rakhim,Секрет,Панк
Vdels,Эндшпиль,MUTANT,Джаз
GKcmt,Michael Jackson,FIRST,Джаз
BHRZq,LIDA,Fraint,Инди
HIWrt,Noize MC,Bad Habits,Джаз
ENPct,Дима Билан,Celebrity,Класическая музыка
Tjsuv,Post Malone,Ripeerr,Рэп
HYams,Skrillex,Синий Lamborghini,Рок
AUZou,Смоки Мо,МАЛИНОВАЯ ЛАДА,Рок
HJZan,Николай Басков,Малышка,Хайперпоп
BHVsx,LXNER,Конечная станция,Класическая музыка
LQSad,nkeeei,Кукла колдуна,Рок
ACKNy,АИГЕЛ,Патрон,Детские песни
NQXnx,Bruno Mars,RARARA,Хайперпоп
MYkov,Loqiemean,Самурай,Панк
BVmpq,Виктор Цой,Butter,Хайперпоп
chkls,Драгни,Minute,Хайперпоп
Qahsw,Магамет Дзыбов,Прятки,Джаз
FIfiu,ANNA ASTI,Снова я напиваюсь,Поп
JPkqw,вышел покурить,PARANOIA,Джаз
MQYqu,SALUKI,Платина,Хайперпоп
HKVbj,Маша и медведь,THATS WHAT I WANT,Инди
EOmpv,ROCKET,Бумеранг,Класическая музыка
Cbeiw,Валентин Стрыкало,Ты не моя пара,Рок
GKeix,DAVA,SHAKE,Класическая музыка
BJOZl,Грибы,Gong,Хайперпоп
ELWYj,Crazy Frog,Blinding Lights,Детские песни
DPRrv,Три дня дождя,Зацепила,Рок
AFIMw,Дора,Next Level,Джаз
CGIUl,Gorillaz,Cadillac,Рэп
BLNlw,Imagine Dragons,ДЕВОЧКА НЕ ПЛАЧЬ,Детские песни
Rgipu,Юрий Шатунов,Паровозик,Джаз
hjnsv,ЕГОР ШИП,Ты далеко,Панк
BJacq,Oliver Tree,Нету интереса,Детские песни
CLMsw,Гражданская оборона,ZOOM,Инди
Vjlou,The Limba,На чиле,Класическая музыка
Ajlms,Boulevard Depo,Ghost,Электронная
INRSf,INSTASAMKA,LOCO,Рок
JPUWx,Иван Дорн,VLAGA,Инди
GHVmr,Скриптонит,Я так соскучился,Рок
ANSXc,MONATIK,Хентай,Рэп
BHMTz,BTS,99 Problems,Класическая музыка
GNjlt,Lil Peep,ТЫ ГОРИШЬ КАК ОГОНЬ,Поп
BCgmy,Oxxxymiron,Расстреляй меня,Электронная
MTamr,CMH,Downtown Baby,Рэп
QVXij,Тима Белорусских,X.O,Инди
JYabt,Yanw,Cristal & МОЁТ,Панк
BYfrz,Макс Корж,Fendi,Класическая музыка
ETajo,Ed Sheeran,ARISTOCRAT,Джаз
FGJLM,Глюк'oZa,Bad Habits,Джаз
ABKWo,Григорий Лепс,Паровозик,Джаз
IKjoy,LIZER,Cadillac,Рэп
FRVlp,LOVV66,Fraint,Инди
EFVbz,Элджей,Butter,Хайперпоп
Bmsxy,SQWOZ BAB,Я так соскучился,Рок
GNTcm,Король и Шут,Конечная станция,Класическая музыка
QScew,Александр Пушной,Расстреляй меня,Электронная
GRhil,Витя АК,LOCO,Рок
BJVZh,Джиган,FIRST,Джаз
ILPYj,TVETH,ZOOM,Инди
BRbcl,ДЕТИ RAVE,Ты не моя пара,Рок
VXbqz,twenty one pilots,Ты далеко,Панк
GKQkn,ХЛЕБ,Celebrity,Класическая музыка
EOSgv,ЛСП,Бумеранг,Класическая музыка
MNrwy,Little Big,Downtown Baby,Рэп
Dapqx,Lil Nas X,SHAKE,Класическая музыка
NRYZs,МЭЙБИ БЭЙБИ,Самурай,Панк
HLQcw,DEAD BLONDE,На чиле,Класическая музыка
KPoxy,Нервы,99 Problems,Класическая музыка
DJkns,Фиксики,Хентай,Рэп
Cdmop,The Weeknd,RARARA,Хайперпоп
FHOhq,SLAVA MARLOW,Секрет,Панк
NUcjk,T1One,Ghost,Электронная
Cdjor,Буерак,Снова я напиваюсь,Поп
LWXZn,Антоха МС,Зацепила,Рок
PUYou,Дайте танк (!),ТЫ ГОРИШЬ КАК ОГОНЬ,Поп
QTins,КлоуКома,X.O,Инди
JPUms,T-Fest,Gong,Хайперпоп
AQRWn,MIA BOYKA,Малышка,Хайперпоп
FILUa,XXXTentacion,Next Level,Джаз
MWoty,Ariana Grande,MUTANT,Джаз
HNVlp,Pyrokinesis,Лесник,Панк
MOQUW,Джизус,Нету интереса,Детские песни
SVagz,КИНО,PARANOIA,Джаз
Pdfot,NILETTO,Blinding Lights,Детские песни
CMbdq,FADE031,Кукла колдуна,Рок
MPZgh,PHARAOH,МАЛИНОВАЯ ЛАДА,Рок
GKTqx,GUF,Платина,Хайперпоп
JMahy,Miyagi,Cristal & МОЁТ,Панк
Rdgit,МУККА,THATS WHAT I WANT,Инди
JVeqz,Joji,Ripeerr,Рэп
BFNQh,Даня Милохин,ДЕВОЧКА НЕ ПЛАЧЬ,Детские песни
APRSy,Marshmello,Fendi,Класическая музыка
LShjp,Ганвест,Патрон,Детские песни
DMQqv,OG BUDA,Прятки,Джаз
Zbdov,Travis Scott,Minute,Хайперпоп
Xelqw,Eminem,VLAGA,Инди
BEFoq,Монеточка,Синий Lamborghini,Рок
CFlmp,Selena Gomez,Паровозик,Джаз
Yavwx,GONE.Fludd,Нету интереса,Детские песни
RXYlo,The Neighbourhood,RARARA,Хайперпоп
PXapv,Gorillaz,Я так соскучился,Рок
HKPbt,Дора,FIRST,Джаз
EGUVo,T-Fest,Малышка,Хайперпоп
AUnty,TVETH,Ты далеко,Панк
Lgkoq,Joji,Ты не моя пара,Рок
CWimq,КИНО,Butter,Хайперпоп
ERYqr,Эндшпиль,Кукла колдуна,Рок
DPVvw,ЛСП,SHAKE,Класическая музыка
AUXZq,Lil Peep,Celebrity,Класическая музыка
KMfkm,Selena Gomez,Fraint,Инди
CYfks,Дайте танк (!),99 Problems,Класическая музыка
Ylqxz,Pyrokinesis,Bad Habits,Джаз
AVYlu,SLAVA MARLOW,ДЕВОЧКА НЕ ПЛАЧЬ,Детские песни
DSklo,DEAD BLONDE,Cristal & МОЁТ,Панк
AGIQf,Crazy Frog,Бумеранг,Класическая музыка
FMSgt,LOVV66,Minute,Хайперпоп
NPXmq,Гражданская оборона,Cadillac,Рэп
GIZjs,Иван Дорн,Зацепила,Рок
GRlqz,INSTASAMKA,Снова я напиваюсь,Поп
CGNck,Скриптонит,Blinding Lights,Детские песни
IVjmu,ROCKET,Платина,Хайперпоп
UWYop,МЭЙБИ БЭЙБИ,ZOOM,Инди
Xdopr,Буерак,Самурай,Панк
FGIKY,Imagine Dragons,THATS WHAT I WANT,Инди
BIRem,Макс Корж,Ripeerr,Рэп
Iefhk,Элджей,Прятки,Джаз
Rbgiq,Ганвест,VLAGA,Инди
FTVny,BTS,МАЛИНОВАЯ ЛАДА,Рок
EQWex,Bruno Mars,LOCO,Рок
ALeks,Григорий Лепс,На чиле,Класическая музыка
Hfnyz,NILETTO,ARISTOCRAT,Джаз
JMWms,Travis Scott,Секрет,Панк
AEGcp,вышел покурить,Fendi,Класическая музыка
DIPWh,Michael Jackson,PARANOIA,Джаз
MRbky,Антоха МС,MUTANT,Джаз
AIKWZ,Даня Милохин,Патрон,Детские песни
ELOkz,Miyagi,Next Level,Джаз
OPVps,The Weeknd,Расстреляй меня,Электронная
BIPgz,The Neighbourhood,Лесник,Панк
Knotu,ДЕТИ RAVE,Конечная станция,Класическая музыка
CMjmo,Монеточка,X.O,Инди
bhlmn,ANNA ASTI,Gong,Хайперпоп
IPQkn,Грибы,Хентай,Рэп
GPTWq,Драгни,Ghost,Электронная
WYruw,XXXTentacion,Синий Lamborghini,Рок
GNPUf,GUF,Downtown Baby,Рэп
Dimsw,Нервы,ТЫ ГОРИШЬ КАК ОГОНЬ,Поп
cirtv,LIDA,Blinding Lights,Детские песни
BDWuy,МУККА,RARARA,Хайперпоп
CHQYp,Loqiemean,MUTANT,Джаз
DLstx,Rakhim,Патрон,Детские песни
BCXbx,FADE031,Ghost,Электронная
JKQTq,Ariana Grande,Нету интереса,Детские песни
ILeho,Юрий Шатунов,Снова я напиваюсь,Поп
enoqs,PHARAOH,Cadillac,Рэп
GNOVi,MAYOT,Butter,Хайперпоп
AHQbh,Boulevard Depo,PARANOIA,Джаз
Ehjkm,Фиксики,Малышка,Хайперпоп
DKLqt,Виктор Цой,Платина,Хайперпоп
Tefnx,Skrillex,МАЛИНОВАЯ ЛАДА,Рок
OPQfz,MONATIK,VLAGA,Инди
DHTUg,LIZER,Celebrity,Класическая музыка
acjls,Post Malone,LOCO,Рок
Ldehp,Yanw,Секрет,Панк
ALUny,Noize MC,Синий Lamborghini,Рок
ABPay,Магамет Дзыбов,Паровозик,Джаз
AGghp,Oliver Tree,Bad Habits,Джаз
KOTnq,Три дня дождя,Ты далеко,Панк
NPdiy,Oxxxymiron,Ты не моя пара,Рок
ARblz,SALUKI,Next Level,Джаз
HPace,DAVA,FIRST,Джаз
EHNav,Eminem,Ripeerr,Рэп
CHcqy,Витя АК,Конечная станция,Класическая музыка
Vaoqr,ЕГОР ШИП,Я так соскучился,Рок
Dafiv,Король и Шут,Minute,Хайперпоп
RYadp,Дима Билан,Зацепила,Рок
Naouy,ХЛЕБ,Fendi,Класическая музыка
JUZam,Джиган,Прятки,Джаз
ACGSo,CMH,ДЕВОЧКА НЕ ПЛАЧЬ,Детские песни
JPTbp,Глюк'oZa,Fraint,Инди
Fansu,nkeeei,99 Problems,Класическая музыка
BEVay,Тима Белорусских,Расстреляй меня,Электронная
ORYmw,КлоуКома,Downtown Baby,Рэп
HOZqz,GONE.Fludd,Самурай,Панк
afhlq,Ed Sheeran,На чиле,Класическая музыка
CRVZn,АИГЕЛ,ARISTOCRAT,Джаз
Mgmou,Валентин Стрыкало,Хентай,Рэп
OXZjz,LXNER,Gong,Хайперпоп
SUlsz,T1One,Бумеранг,Класическая музыка
FGNdg,OG BUDA,SHAKE,Класическая музыка
BMghv,IC3PEAK,THATS WHAT I WANT,Инди
FMPpr,Джизус,Лесник,Панк
HJNdp,Маша и медведь,Кукла колдуна,Рок
MSeuw,twenty one pilots,Cristal & МОЁТ,Панк
Sjoqu,MIA BOYKA,ZOOM,Инди
GUWZg,Little Big,X.O,Инди
Xcdkw,Александр Пушной,ТЫ ГОРИШЬ КАК ОГОНЬ,Поп
LVZnu,Marshmello,VLAGA,Инди
BCGQh,Lil Nas X,Я так соскучился,Рок
ABDHo,Смоки Мо,Платина,Хайперпоп
JNOVg,SQWOZ BAB,Секрет,Панк
RSUcy,The Limba,Патрон,Детские песни
ABMdl,Николай Басков,Ripeerr,Рэп
FNbft,Дима Билан,Cadillac,Рэп
HPpqz,MAYOT,RARARA,Хайперпоп
RUVko,DEAD BLONDE,Расстреляй меня,Электронная
KORxy,ЛСП,Самурай,Панк
KLMPS,Александр Пушной,Gong,Хайперпоп
DIKqt,Gorillaz,Fendi,Класическая музыка
EZhlp,Джиган,Next Level,Джаз
BMWZi,Король и Шут,Downtown Baby,Рэп
gjnrs,OG BUDA,Синий Lamborghini,Рок
Fblpr,Скриптонит,Прятки,Джаз
NRSbu,Selena Gomez,Хентай,Рэп
HIhil,MIA BOYKA,ARISTOCRAT,Джаз
DNXcp,Crazy Frog,PARANOIA,Джаз
AJRgz,Skrillex,Ghost,Электронная
OPQhy,The Weeknd,Бумеранг,Класическая музыка
Fflnr,CMH,FIRST,Джаз
WZcfw,Макс Корж,Celebrity,Класическая музыка
DEGWz,Rakhim,SHAKE,Класическая музыка
Rbkqu,Юрий Шатунов,X.O,Инди
MNRhs,LXNER,THATS WHAT I WANT,Инди
GWbnp,Bruno Mars,Снова я напиваюсь,Поп
Jbfow,T1One,ZOOM,Инди
FRXdg,КИНО,Blinding Lights,Детские песни
HSWpx,Lil Peep,Лесник,Панк
DNehw,INSTASAMKA,MUTANT,Джаз
TUVcx,PHARAOH,ДЕВОЧКА НЕ ПЛАЧЬ,Детские песни
IQfjk,T-Fest,Кукла колдуна,Рок
Ubqvx,BTS,МАЛИНОВАЯ ЛАДА,Рок
PQXYn,DAVA,Bad Habits,Джаз
HNgnv,LIZER,Нету интереса,Детские песни
BILcv,МЭЙБИ БЭЙБИ,99 Problems,Класическая музыка
DEVvy,Валентин Стрыкало,На чиле,Класическая музыка
Alswx,Ed Sheeran,Butter,Хайперпоп
LOYfo,Дайте танк (!),Малышка,Хайперпоп
DEKlm,Николай Басков,LOCO,Рок
JNRnr,The Neighbourhood,Паровозик,Джаз
BQTYk,Антоха МС,Cristal & МОЁТ,Панк
LSeko,Даня Милохин,Ты не моя пара,Рок
RXhqw,Три дня дождя,Ты далеко,Панк
GMQTY,Pyrokinesis,Конечная станция,Класическая музыка
HMPtx,Little Big,ТЫ ГОРИШЬ КАК ОГОНЬ,Поп
GOgrs,GONE.Fludd,Minute,Хайперпоп
AHJOi,Marshmello,Зацепила,Рок
GNrwz,GUF,Fraint,Инди
HWagr,Магамет Дзыбов,Хентай,Рэп
GSYhz,twenty one pilots,Секрет,Панк
INYax,Yanw,MUTANT,Джаз
BPVWm,Miyagi,Нету интереса,Детские песни
Bdilt,Imagine Dragons,Ты не моя пара,Рок
ELZlz,Элджей,Gong,Хайперпоп
XYdel,TVETH,МАЛИНОВАЯ ЛАДА,Рок
AHKMx,LOVV66,На чиле,Класическая музыка
RTVbu,Эндшпиль,Celebrity,Класическая музыка
DYZrz,Post Malone,Кукла колдуна,Рок
JNZfj,Григорий Лепс,Конечная станция,Класическая музыка
INaik,Michael Jackson,THATS WHAT I WANT,Инди
DJefx,Монеточка,Blinding Lights,Детские песни
BHMPj,Смоки Мо,Fraint,Инди
BIQeo,Виктор Цой,Лесник,Панк
BHPbu,Гражданская оборона,99 Problems,Класическая музыка
IUemr,Ганвест,Расстреляй меня,Электронная
DKgsx,FADE031,X.O,Инди
KXgox,вышел покурить,RARARA,Хайперпоп
KMUYt,XXXTentacion,ДЕВОЧКА НЕ ПЛАЧЬ,Детские песни
FKNtv,NILETTO,Синий Lamborghini,Рок
DKTkz,Boulevard Depo,Бумеранг,Класическая музыка
CGYan,Глюк'oZa,Снова я напиваюсь,Поп
ABHVp,АИГЕЛ,Minute,Хайперпоп
BFGTw,КлоуКома,Downtown Baby,Рэп
UYtvy,Грибы,VLAGA,Инди
AQdlx,SLAVA MARLOW,Платина,Хайперпоп
IJSYc,Lil Nas X,Butter,Хайперпоп
EPhrz,Дора,Ты далеко,Панк
AHefv,Noize MC,FIRST,Джаз
GWaho,ХЛЕБ,Малышка,Хайперпоп
CUhrx,Тима Белорусских,Cristal & МОЁТ,Панк
CEQpv,Джизус,Bad Habits,Джаз
JVkrv,SQWOZ BAB,ZOOM,Инди
INTdj,ЕГОР ШИП,Зацепила,Рок
MYbtu,ДЕТИ RAVE,Паровозик,Джаз
HVlox,Joji,LOCO,Рок
EMNWc,Драгни,PARANOIA,Джаз
DKSap,ANNA ASTI,Прятки,Джаз
JNPQR,The Limba,Самурай,Панк
FQghj,SALUKI,ARISTOCRAT,Джаз
CHJXp,Фиксики,Fendi,Класическая музыка
JMNOi,Буерак,Next Level,Джаз
KLWco,МУККА,Я так соскучился,Рок
OSZho,ROCKET,SHAKE,Класическая музыка
GHJSp,Витя АК,Ghost,Электронная
TYmpw,Loqiemean,ТЫ ГОРИШЬ КАК ОГОНЬ,Поп
FHTYj,Нервы,Cadillac,Рэп
Vlpsw,Oxxxymiron,Патрон,Детские песни
Hgqtx,Oliver Tree,Ripeerr,Рэп
UVhik,Eminem,Самурай,Панк
MYdgu,Ariana Grande,Синий Lamborghini,Рок
Igknv,nkeeei,Паровозик,Джаз
BMZwx,IC3PEAK,Downtown Baby,Рэп
IMhkz,Travis Scott,ТЫ ГОРИШЬ КАК ОГОНЬ,Поп
Oaioz,Иван Дорн,Зацепила,Рок
Dbegu,MONATIK,Fendi,Класическая музыка
CKMTU,Маша и медведь,Патрон,Детские песни
AYdwz,LIDA,ZOOM,Инди
BDOTq,Драгни,Я так соскучился,Рок
NOgjq,АИГЕЛ,SHAKE,Класическая музыка
AGITm,twenty one pilots,Хентай,Рэп
GTWwz,МУККА,ARISTOCRAT,Джаз
CFGor,Нервы,Next Level,Джаз
DHbeo,ДЕТИ RAVE,LOCO,Рок
JKRmx,Ariana Grande,Cadillac,Рэп
AGHNP,Oliver Tree,На чиле,Класическая музыка
GOPYp,DAVA,FIRST,Джаз
FLSgu,PHARAOH,Бумеранг,Класическая музыка
PVfqr,Lil Nas X,Fraint,Инди
Cimow,LOVV66,Секрет,Панк
QWbpu,Дайте танк (!),MUTANT,Джаз
CUhly,Макс Корж,Minute,Хайперпоп
DWXax,Pyrokinesis,Blinding Lights,Детские песни
EQSkq,nkeeei,RARARA,Хайперпоп
TWgqr,T1One,THATS WHAT I WANT,Инди
SVamr,КлоуКома,Кукла колдуна,Рок
BTasv,Rakhim,Платина,Хайперпоп
FReux,Post Malone,Лесник,Панк
NORht,ЛСП,Прятки,Джаз
Kcefi,Lil Peep,Gong,Хайперпоп
JVgkl,Crazy Frog,Celebrity,Класическая музыка
Yafgu,INSTASAMKA,Cristal & МОЁТ,Панк
CRSsu,Ганвест,Ты не моя пара,Рок
OWcdr,Скриптонит,X.O,Инди
GVblm,Витя АК,Расстреляй меня,Электронная
SYbel,Тима Белорусских,Конечная станция,Класическая музыка
BIemw,FADE031,Малышка,Хайперпоп
JUkqr,ХЛЕБ,Снова я напиваюсь,Поп
GOpry,XXXTentacion,МАЛИНОВАЯ ЛАДА,Рок
HMOUs,Юрий Шатунов,PARANOIA,Джаз
QXYjs,BTS,VLAGA,Инди
LZcnu,Джиган,Ghost,Электронная
Cbgmz,MAYOT,99 Problems,Класическая музыка
DJKUw,Глюк'oZa,Butter,Хайперпоп
EZdhk,Король и Шут,Bad Habits,Джаз
Zchoz,Selena Gomez,Ripeerr,Рэп
NOtux,Ed Sheeran,Ты далеко,Панк
CFMfq,LXNER,ДЕВОЧКА НЕ ПЛАЧЬ,Детские песни
CSelp,TVETH,Нету интереса,Детские песни
GXclm,SQWOZ BAB,Ghost,Электронная
Wgknq,Miyagi,SHAKE,Класическая музыка
Ugijw,T-Fest,Снова я напиваюсь,Поп
AGipq,вышел покурить,Зацепила,Рок
Ojknq,Eminem,МАЛИНОВАЯ ЛАДА,Рок
PXbjt,Michael Jackson,Лесник,Панк
CELWe,Imagine Dragons,Синий Lamborghini,Рок
Hagpz,Noize MC,Бумеранг,Класическая музыка
HMhmo,Валентин Стрыкало,Самурай,Панк
KMUsz,GUF,Паровозик,Джаз
HNbtu,Loqiemean,Cadillac,Рэп
DMmuv,Смоки Мо,ARISTOCRAT,Джаз
ISuyz,Маша и медведь,Кукла колдуна,Рок
LOPQZ,Skrillex,Расстреляй меня,Электронная
Camox,Виктор Цой,Gong,Хайперпоп
BCFHn,Монеточка,Fendi,Класическая музыка
CDJUn,Григорий Лепс,Butter,Хайперпоп
FHTYu,OG BUDA,Cristal & МОЁТ,Панк
NRVru,Иван Дорн,THATS WHAT I WANT,Инди
GJVag,SLAVA MARLOW,Fraint,Инди
Hcdjy,Joji,Minute,Хайперпоп
Taiky,ЕГОР ШИП,Ripeerr,Рэп
Dchmx,Гражданская оборона,Downtown Baby,Рэп
FGJUo,The Weeknd,Я так соскучился,Рок
IQXmu,Джизус,PARANOIA,Джаз
BNtuv,Marshmello,RARARA,Хайперпоп
CELfs,LIZER,Blinding Lights,Детские песни
AZqrs,NILETTO,Next Level,Джаз
HRZvz,КИНО,Секрет,Панк
LNorz,Фиксики,На чиле,Класическая музыка
Pdehw,LIDA,Нету интереса,Детские песни
NXajz,IC3PEAK,Celebrity,Класическая музыка
KORck,Gorillaz,Bad Habits,Джаз
AFTkx,Travis Scott,ДЕВОЧКА НЕ ПЛАЧЬ,Детские песни
NSakx,Дима Билан,Ты далеко,Панк
MVWku,SALUKI,ТЫ ГОРИШЬ КАК ОГОНЬ,Поп
Siklq,MONATIK,LOCO,Рок
BCjlq,Три дня дождя,Ты не моя пара,Рок
JWZdq,Элджей,Конечная станция,Класическая музыка
AOQSq,Александр Пушной,Хентай,Рэп
Acdnq,Николай Басков,VLAGA,Инди
IOXjl,The Neighbourhood,Малышка,Хайперпоп
FMVef,GONE.Fludd,MUTANT,Джаз
IYerx,ROCKET,X.O,Инди
KPcin,MIA BOYKA,Прятки,Джаз
ITflt,Little Big,99 Problems,Класическая музыка
OVXaq,DEAD BLONDE,ZOOM,Инди
MQTar,CMH,Платина,Хайперпоп
FKMdg,Boulevard Depo,Патрон,Детские песни
ABUkl,МЭЙБИ БЭЙБИ,FIRST,Джаз
RSequ,Bruno Mars,Секрет,Панк
KVXZb,Магамет Дзыбов,Cristal & МОЁТ,Панк
BMTXd,Антоха МС,RARARA,Хайперпоп
Sbckq,Даня Милохин,Downtown Baby,Рэп
HJRUu,The Limba,VLAGA,Инди
ACGhj,ANNA ASTI,Патрон,Детские песни
HNeip,Буерак,Зацепила,Рок
DOUkn,Эндшпиль,Я так соскучился,Рок
Sblmr,Дора,Ghost,Электронная
JKRgu,Yanw,Blinding Lights,Детские песни
JOefs,Oxxxymiron,FIRST,Джаз
FIYcs,Грибы,Ripeerr,Рэп
CDOat,вышел покурить,Снова я напиваюсь,Поп
LNXYy,The Limba,Next Level,Джаз
Qacdt,Смоки Мо,ТЫ ГОРИШЬ КАК ОГОНЬ,Поп
IWbrz,Дора,Нету интереса,Детские песни
OUZkr,Буерак,Прятки,Джаз
Ydejv,Глюк'oZa,Cadillac,Рэп
HINUy,DEAD BLONDE,Паровозик,Джаз
CVZcz,The Neighbourhood,Butter,Хайперпоп
MNijz,МЭЙБИ БЭЙБИ,LOCO,Рок
MYZkx,The Weeknd,Синий Lamborghini,Рок
MRglm,Юрий Шатунов,99 Problems,Класическая музыка
CEHJY,Григорий Лепс,SHAKE,Класическая музыка
SUVZv,Selena Gomez,ZOOM,Инди
LPTov,Грибы,X.O,Инди
DGIVg,Oliver Tree,Самурай,Панк
JLacu,ROCKET,Расстреляй меня,Электронная
Zglyz,ЕГОР ШИП,Лесник,Панк
GHJLk,Иван Дорн,Платина,Хайперпоп
cjlnx,Imagine Dragons,Конечная станция,Класическая музыка
BIJtz,Даня Милохин,Fraint,Инди
ATXnr,Джиган,Fendi,Класическая музыка
BUdmx,Skrillex,МАЛИНОВАЯ ЛАДА,Рок
BGKax,Гражданская оборона,ARISTOCRAT,Джаз
MNghi,Александр Пушной,Кукла колдуна,Рок
Wfstv,Король и Шут,На чиле,Класическая музыка
OTUix,LIDA,Хентай,Рэп
ASVYf,Ed Sheeran,MUTANT,Джаз
Gjlor,twenty one pilots,Bad Habits,Джаз
Rcdky,LXNER,Бумеранг,Класическая музыка
APRak,OG BUDA,Малышка,Хайперпоп
NPclq,LIZER,Gong,Хайперпоп
JTZno,T1One,ДЕВОЧКА НЕ ПЛАЧЬ,Детские песни
UVWrs,Rakhim,THATS WHAT I WANT,Инди
AFMQn,IC3PEAK,PARANOIA,Джаз
HTcsu,Travis Scott,Ты не моя пара,Рок
DKUjz,Noize MC,Celebrity,Класическая музыка
Ddeix,MAYOT,Minute,Хайперпоп
ELWcl,Эндшпиль,Ты далеко,Панк
BWhiv,Miyagi,ARISTOCRAT,Джаз
BFJRv,MIA BOYKA,Расстреляй меня,Электронная
FSVel,Маша и медведь,ТЫ ГОРИШЬ КАК ОГОНЬ,Поп
Genuv,Дима Билан,Minute,Хайперпоп
BFLgk,Дайте танк (!),Ghost,Электронная
AEJPR,Lil Peep,Кукла колдуна,Рок
Lqrvw,DAVA,Next Level,Джаз
GYZcl,АИГЕЛ,Я так соскучился,Рок
Qbgwx,Макс Корж,Платина,Хайперпоп
MXcgr,Ганвест,Прятки,Джаз
DERgi,BTS,Ты не моя пара,Рок
TUacz,ДЕТИ RAVE,Cadillac,Рэп
BDfjw,Oxxxymiron,Blinding Lights,Детские песни
AWnqs,SLAVA MARLOW,На чиле,Класическая музыка
EFKPU,Marshmello,Ты далеко,Панк
JNkmn,Витя АК,99 Problems,Класическая музыка
cdlmo,МУККА,Малышка,Хайперпоп
QTWbz,Boulevard Depo,Самурай,Панк
EFGPy,MONATIK,Нету интереса,Детские песни
Cbdkw,Loqiemean,Лесник,Панк
ejlry,ХЛЕБ,X.O,Инди
IXdgt,Элджей,Ripeerr,Рэп
DEJTd,CMH,Butter,Хайперпоп
IZdjv,T-Fest,SHAKE,Класическая музыка
Fcjoy,NILETTO,Bad Habits,Джаз
UVfkv,Монеточка,Fendi,Класическая музыка
CRYdu,Little Big,Бумеранг,Класическая музыка
PQTWq,Crazy Frog,THATS WHAT I WANT,Инди
DQdgz,ANNA ASTI,ZOOM,Инди
CIVdw,Ariana Grande,МАЛИНОВАЯ ЛАДА,Рок
JToqt,GUF,MUTANT,Джаз
DHPiq,nkeeei,Конечная станция,Класическая музыка
BLenw,Joji,Cristal & МОЁТ,Панк
CEIVo,Gorillaz,VLAGA,Инди
INObo,FADE031,Celebrity,Класическая музыка
NSVht,TVETH,ДЕВОЧКА НЕ ПЛАЧЬ,Детские песни
CMcdf,Антоха МС,Хентай,Рэп
IKQet,ЛСП,Снова я напиваюсь,Поп
CVXvz,Николай Басков,PARANOIA,Джаз
NOVcq,КИНО,LOCO,Рок
GUXez,GONE.Fludd,Gong,Хайперпоп
DLZiq,Джизус,RARARA,Хайперпоп
UVcex,Post Malone,Паровозик,Джаз
JKbet,SQWOZ BAB,Синий Lamborghini,Рок
EZmsw,Скриптонит,Секрет,Панк
BEdjs,Виктор Цой,FIRST,Джаз
Leiks,Магамет Дзыбов,Зацепила,Рок
FHIQb,Валентин Стрыкало,Патрон,Детские песни
GIPWe,КлоуКома,Fraint,Инди
OPRpz,Фиксики,Downtown Baby,Рэп
OPTUZ,PHARAOH,Ты далеко,Панк
NUZnw,XXXTentacion,Зацепила,Рок
Vnqvx,Michael Jackson,Я так соскучился,Рок
SVZhi,Lil Nas X,Расстреляй меня,Электронная
BFIfk,LOVV66,Платина,Хайперпоп
KTXjl,INSTASAMKA,THATS WHAT I WANT,Инди
Ijqsz,Нервы,99 Problems,Класическая музыка
KXZty,Три дня дождя,Cadillac,Рэп
BEKXm,Pyrokinesis,PARANOIA,Джаз
BJkvw,Bruno Mars,Лесник,Панк
JNOgy,Eminem,ZOOM,Инди
IJRVv,SALUKI,Паровозик,Джаз
CFZde,Драгни,Fraint,Инди
CHgik,Тима Белорусских,Gong,Хайперпоп
RVdlp,Yanw,Самурай,Панк
EKmnw,Драгни,Бумеранг,Класическая музыка
FQcej,Ганвест,Ripeerr,Рэп
ELMfk,Lil Peep,ДЕВОЧКА НЕ ПЛАЧЬ,Детские песни
NQbop,Noize MC,Кукла колдуна,Рок
PRUgz,Дайте танк (!),Конечная станция,Класическая музыка
HIPVq,MAYOT,Blinding Lights,Детские песни
Ycglq,NILETTO,Синий Lamborghini,Рок
LPYas,BTS,Bad Habits,Джаз
PRTjm,Oxxxymiron,Нету интереса,Детские песни
FLYhr,DEAD BLONDE,RARARA,Хайперпоп
ADHqv,T-Fest,Хентай,Рэп
HUdkm,Глюк'oZa,VLAGA,Инди
Qcemw,МУККА,Прятки,Джаз
Ccitx,Gorillaz,Ты не моя пара,Рок
CUguz,Григорий Лепс,ТЫ ГОРИШЬ КАК ОГОНЬ,Поп
GRilx,Три дня дождя,Fendi,Класическая музыка
BCFpz,TVETH,MUTANT,Джаз
STVbc,XXXTentacion,LOCO,Рок
MOVrs,Eminem,Ghost,Электронная
Cbuvx,Boulevard Depo,SHAKE,Класическая музыка
HPfqv,Антоха МС,Малышка,Хайперпоп
KPhjx,Иван Дорн,На чиле,Класическая музыка
JTewz,LXNER,Патрон,Детские песни
DEWjs,Джизус,Cristal & МОЁТ,Панк
Kegls,The Neighbourhood,Downtown Baby,Рэп
ILenx,Michael Jackson,Minute,Хайперпоп
JQRbf,Даня Милохин,Celebrity,Класическая музыка
GOVgs,Макс Корж,Butter,Хайперпоп
DOkuw,Crazy Frog,FIRST,Джаз
BTbfz,Витя АК,Снова я напиваюсь,Поп
BKNiu,LOVV66,X.O,Инди
HKRbn,Джиган,Секрет,Панк
IVceq,MIA BOYKA,ARISTOCRAT,Джаз
INScv,ЕГОР ШИП,МАЛИНОВАЯ ЛАДА,Рок
efinu,DAVA,Next Level,Джаз
ADQdp,Тима Белорусских,Gong,Хайперпоп
FHKLY,Ed Sheeran,Blinding Lights,Детские песни
KLUrz,Гражданская оборона,Синий Lamborghini,Рок
Heuyz,Юрий Шатунов,Конечная станция,Класическая музыка
FGauw,Валентин Стрыкало,Самурай,Панк
MYaiu,Loqiemean,Кукла колдуна,Рок
DIJTh,Грибы,Патрон,Детские песни
LOjkv,Imagine Dragons,Бумеранг,Класическая музыка
LSdmr,КлоуКома,Fendi,Класическая музыка
DKdem,T1One,Cristal & МОЁТ,Панк
Xcikm,Ariana Grande,Ripeerr,Рэп
CDPqy,Rakhim,Платина,Хайперпоп
BMWcp,GONE.Fludd,99 Problems,Класическая музыка
cgpsu,Маша и медведь,X.O,Инди
HTVuv,Дора,Celebrity,Класическая музыка
Bchim,Эндшпиль,Ты не моя пара,Рок
AFMOh,Post Malone,VLAGA,Инди
QXacl,MONATIK,Bad Habits,Джаз
INXYz,ROCKET,Fraint,Инди
EXory,Bruno Mars,THATS WHAT I WANT,Инди
Odjnp,Элджей,Снова я напиваюсь,Поп
AEFGp,Skrillex,ТЫ ГОРИШЬ КАК ОГОНЬ,Поп
EFbdr,ХЛЕБ,Паровозик,Джаз
EQYno,Магамет Дзыбов,Прятки,Джаз
GLgow,PHARAOH,На чиле,Класическая музыка
IKXYc,Нервы,Зацепила,Рок
Ciqrw,OG BUDA,Малышка,Хайперпоп
ASgtu,ДЕТИ RAVE,Butter,Хайперпоп
Ldkms,Selena Gomez,Нету интереса,Детские песни
RUcpv,INSTASAMKA,Я так соскучился,Рок
Sbtxz,Фиксики,МАЛИНОВАЯ ЛАДА,Рок
EPadw,АИГЕЛ,LOCO,Рок
JKdjm,ANNA ASTI,SHAKE,Класическая музыка
DELWc,МЭЙБИ БЭЙБИ,Хентай,Рэп
IKObh,Скриптонит,ARISTOCRAT,Джаз
DLYZk,Joji,MUTANT,Джаз
DPgnu,Дима Билан,Downtown Baby,Рэп
Ragwy,Little Big,ДЕВОЧКА НЕ ПЛАЧЬ,Детские песни
CGQaz,Король и Шут,PARANOIA,Джаз
Sbopq,Miyagi,FIRST,Джаз
Uglrw,ЛСП,Расстреляй меня,Электронная
Fmopt,вышел покурить,RARARA,Хайперпоп
ADGQi,Oliver Tree,Cadillac,Рэп
DEGdn,CMH,Ghost,Электронная
ADOav,The Limba,Next Level,Джаз
EOTlw,FADE031,Лесник,Панк
AOYbs,Виктор Цой,Minute,Хайперпоп
HYcuy,Pyrokinesis,Секрет,Панк
BHWZy,КИНО,Ты далеко,Панк
HZkou,twenty one pilots,ZOOM,Инди
DLdps,LIDA,Bad Habits,Джаз
CWhsv,LIZER,ДЕВОЧКА НЕ ПЛАЧЬ,Детские песни
EHgpv,Смоки Мо,Расстреляй меня,Электронная
GLipq,Буерак,Лесник,Панк
AQhiv,Александр Пушной,Celebrity,Класическая музыка
PWatz,Монеточка,MUTANT,Джаз
Dafku,GUF,Fendi,Класическая музыка
PSTad,Lil Nas X,Секрет,Панк
EGNkw,Yanw,THATS WHAT I WANT,Инди
MNSXm,Marshmello,Хентай,Рэп
ETklx,SLAVA MARLOW,Снова я напиваюсь,Поп
Pdefo,Николай Басков,Прятки,Джаз
FNUjl,Travis Scott,На чиле,Класическая музыка
LWZbh,The Weeknd,Ты далеко,Панк
RTYZf,nkeeei,X.O,Инди
ABDMN,IC3PEAK,LOCO,Рок
DKPXr,SALUKI,Downtown Baby,Рэп
LXade,SQWOZ BAB,Бумеранг,Класическая музыка
EXovz,МЭЙБИ БЭЙБИ,Патрон,Детские песни
CGKXj,КИНО,МАЛИНОВАЯ ЛАДА,Рок
MUdkl,Элджей,Паровозик,Джаз
KOZdj,MONATIK,SHAKE,Класическая музыка
BTWXh,Skrillex,Платина,Хайперпоп
LRnux,LIZER,Зацепила,Рок
BMPZn,вышел покурить,99 Problems,Класическая музыка
ACVvy,Rakhim,Next Level,Джаз
LPYhz,Selena Gomez,Я так соскучился,Рок
CFMgz,Скриптонит,RARARA,Хайперпоп
FRXpt,МУККА,Cadillac,Рэп
HLRSv,TVETH,VLAGA,Инди
ARegu,Гражданская оборона,ARISTOCRAT,Джаз
BNSen,Imagine Dragons,Кукла колдуна,Рок
AKRWg,Буерак,ТЫ ГОРИШЬ КАК ОГОНЬ,Поп
KPYjk,Noize MC,Ты не моя пара,Рок
TXeox,Григорий Лепс,Ripeerr,Рэп
Caqst,LOVV66,Конечная станция,Класическая музыка
HNajm,The Neighbourhood,Синий Lamborghini,Рок
KPUhk,The Weeknd,Gong,Хайперпоп
FNRbo,Lil Peep,ZOOM,Инди
EJWXw,GUF,PARANOIA,Джаз
OYaqt,Ariana Grande,FIRST,Джаз
QUjqv,twenty one pilots,Fraint,Инди
FMtwx,LXNER,Butter,Хайперпоп
Dqrvw,Boulevard Depo,Minute,Хайперпоп
GPTbg,The Limba,Cristal & МОЁТ,Панк
EQjvw,Ed Sheeran,Самурай,Панк
Ajkln,Эндшпиль,Blinding Lights,Детские песни
AXgps,Антоха МС,Малышка,Хайперпоп
CGKPY,Joji,Нету интереса,Детские песни
Scnrw,Нервы,Ghost,Электронная
NPfmp,Маша и медведь,На чиле,Класическая музыка
Tbfoy,Oxxxymiron,Нету интереса,Детские песни
DHMNl,CMH,Gong,Хайперпоп
FIRdy,Marshmello,Хентай,Рэп
HKUfh,Michael Jackson,Расстреляй меня,Электронная
FUVgx,Джиган,PARANOIA,Джаз
OPVhq,Crazy Frog,ТЫ ГОРИШЬ КАК ОГОНЬ,Поп
BFMfs,Магамет Дзыбов,Конечная станция,Класическая музыка
JMTXo,SLAVA MARLOW,LOCO,Рок
DORVY,OG BUDA,Паровозик,Джаз
DRWax,MIA BOYKA,Снова я напиваюсь,Поп
gqstv,BTS,Секрет,Панк
AMfny,КлоуКома,VLAGA,Инди
MXbmn,ANNA ASTI,X.O,Инди
SYhxz,Глюк'oZa,THATS WHAT I WANT,Инди
NOZci,Валентин Стрыкало,Blinding Lights,Детские песни
Ddhjl,Ганвест,Синий Lamborghini,Рок
IQZgx,Bruno Mars,Fraint,Инди
IPUpr,T-Fest,Платина,Хайперпоп
CIVbt,FADE031,ДЕВОЧКА НЕ ПЛАЧЬ,Детские песни
BDQch,Yanw,Бумеранг,Класическая музыка
HQSow,nkeeei,Ghost,Электронная
ITdxy,SALUKI,Ты далеко,Панк
Vginw,Дора,Прятки,Джаз
CDTek,Eminem,Celebrity,Класическая музыка
Ydeyz,Loqiemean,Я так соскучился,Рок
KRUXf,Miyagi,RARARA,Хайперпоп
Mkltu,Смоки Мо,Minute,Хайперпоп
Gajwx,Макс Корж,Самурай,Панк
VYstz,Николай Басков,Bad Habits,Джаз
KUbin,T1One,Next Level,Джаз
Seswy,NILETTO,Butter,Хайперпоп
PXhsw,ROCKET,Ты не моя пара,Рок
BWdnq,Даня Милохин,Кукла колдуна,Рок
abvxz,Pyrokinesis,Cristal & МОЁТ,Панк
PTYbi,Монеточка,FIRST,Джаз
DGJQg,Три дня дождя,МАЛИНОВАЯ ЛАДА,Рок
KLOfr,Тима Белорусских,99 Problems,Класическая музыка
Qcfir,Дима Билан,ARISTOCRAT,Джаз
AOaiq,GONE.Fludd,MUTANT,Джаз
AKirs,Король и Шут,Fendi,Класическая музыка
STfrx,Little Big,SHAKE,Класическая музыка
HPYpq,DAVA,Малышка,Хайперпоп
Bglqs,SQWOZ BAB,Downtown Baby,Рэп
ALRex,Иван Дорн,Зацепила,Рок
PZalx,XXXTentacion,ZOOM,Инди
Gcdjl,Gorillaz,Cadillac,Рэп
FMSWY,АИГЕЛ,Лесник,Панк
CESiu,DEAD BLONDE,Ripeerr,Рэп
GLilo,Виктор Цой,Патрон,Детские песни
ORnty,Дайте танк (!),SHAKE,Класическая музыка
DOYgv,ЕГОР ШИП,Bad Habits,Джаз
BNOSx,ДЕТИ RAVE,Платина,Хайперпоп
GYbcg,Фиксики,ZOOM,Инди
VWfmn,Lil Nas X,Ripeerr,Рэп
BVeko,ЛСП,Зацепила,Рок
Hajqt,Джизус,Next Level,Джаз
IKRrv,PHARAOH,99 Problems,Класическая музыка
LPinq,Post Malone,Самурай,Панк
CDOku,Драгни,Celebrity,Класическая музыка
AHLbc,Travis Scott,Синий Lamborghini,Рок
FJORg,Грибы,Ghost,Электронная
GIMTa,ХЛЕБ,Downtown Baby,Рэп
Ealmt,MAYOT,МАЛИНОВАЯ ЛАДА,Рок
BHJOm,Витя АК,Секрет,Панк
NSYaj,Александр Пушной,Снова я напиваюсь,Поп
Dlvwy,LIDA,Бумеранг,Класическая музыка
JQnox,Oliver Tree,Fraint,Инди
JQYam,IC3PEAK,Butter,Хайперпоп
HNaoq,INSTASAMKA,FIRST,Джаз
DGIKz,Юрий Шатунов,MUTANT,Джаз
IScdn,Noize MC,LOCO,Рок
Vcgju,Николай Басков,VLAGA,Инди
OQXty,LOVV66,RARARA,Хайперпоп
GVhuw,MONATIK,ДЕВОЧКА НЕ ПЛАЧЬ,Детские песни
IPSTl,nkeeei,Ты далеко,Панк
EKNQk,Смоки Мо,Хентай,Рэп
Bcgqv,Skrillex,Cadillac,Рэп
Bgjpt,Oxxxymiron,Конечная станция,Класическая музыка
Caghs,Дора,Нету интереса,Детские песни
ILShl,ROCKET,Патрон,Детские песни
UZmsz,OG BUDA,THATS WHAT I WANT,Инди
AEORm,Нервы,Паровозик,Джаз
HQUYq,LIZER,На чиле,Класическая музыка
Zbdrt,Lil Peep,Кукла колдуна,Рок
DMVtv,Pyrokinesis,Ты не моя пара,Рок
Fhrsu,LXNER,Gong,Хайперпоп
AOVej,DEAD BLONDE,Cristal & МОЁТ,Панк
Uaenu,Rakhim,Прятки,Джаз
DFOgl,Дайте танк (!),PARANOIA,Джаз
HZbci,Loqiemean,ТЫ ГОРИШЬ КАК ОГОНЬ,Поп
EKgnz,Виктор Цой,Малышка,Хайперпоп
DKTUg,MIA BOYKA,X.O,Инди
NVfir,Ed Sheeran,Blinding Lights,Детские песни
PSuwz,Григорий Лепс,Minute,Хайперпоп
FPgox,Антоха МС,Fendi,Класическая музыка
DKOPs,Bruno Mars,Лесник,Панк
IQijn,T1One,Я так соскучился,Рок
HKTXe,The Neighbourhood,ARISTOCRAT,Джаз
LNYZs,ЛСП,Расстреляй меня,Электронная
AGSef,Три дня дождя,Платина,Хайперпоп
BLWjn,Дима Билан,Ты не моя пара,Рок
Iaghp,Скриптонит,PARANOIA,Джаз
FHSTW,Витя АК,Кукла колдуна,Рок
chjqw,GUF,Ghost,Электронная
GISWp,Драгни,RARARA,Хайперпоп
HRTVs,LIDA,Нету интереса,Детские песни
EPbgh,DAVA,ARISTOCRAT,Джаз
bcquv,Post Malone,99 Problems,Класическая музыка
DGQlo,Валентин Стрыкало,Я так соскучился,Рок
CQSfl,TVETH,ТЫ ГОРИШЬ КАК ОГОНЬ,Поп
PSVbh,SALUKI,Next Level,Джаз
KZefo,Джиган,MUTANT,Джаз
Ebcjn,Буерак,X.O,Инди
CDOiw,SQWOZ BAB,VLAGA,Инди
CFLdr,Joji,LOCO,Рок
rtuvw,ДЕТИ RAVE,Патрон,Детские песни
BEXYj,The Weeknd,На чиле,Класическая музыка
TUXmy,КлоуКома,Расстреляй меня,Электронная
Oaoqr,Король и Шут,Blinding Lights,Детские песни
efins,Иван Дорн,Fendi,Класическая музыка
BElsx,Marshmello,Fraint,Инди
Gegov,Грибы,Cristal & МОЁТ,Панк
Scmoq,Lil Nas X,Butter,Хайперпоп
AKRTt,Travis Scott,SHAKE,Класическая музыка
FHUkl,INSTASAMKA,Ты далеко,Панк
AMekq,АИГЕЛ,Ripeerr,Рэп
Adklu,ХЛЕБ,Синий Lamborghini,Рок
KPUVu,Yanw,Celebrity,Класическая музыка
NSamp,Eminem,Самурай,Панк
HOUbv,Фиксики,Лесник,Панк
CLZcu,МУККА,Малышка,Хайперпоп
BKbgs,ЕГОР ШИП,Снова я напиваюсь,Поп
NPZam,GONE.Fludd,ДЕВОЧКА НЕ ПЛАЧЬ,Детские песни
CFkuz,Selena Gomez,Bad Habits,Джаз
LQpux,Александр Пушной,Minute,Хайперпоп
GKZoq,The Limba,Зацепила,Рок
fgkqw,МЭЙБИ БЭЙБИ,Секрет,Панк
HXchp,CMH,THATS WHAT I WANT,Инди
Zgrty,Michael Jackson,МАЛИНОВАЯ ЛАДА,Рок
Eiklu,SLAVA MARLOW,Прятки,Джаз
BDgow,Джизус,FIRST,Джаз
AEjkx,Oliver Tree,Cadillac,Рэп
CSbmu,PHARAOH,Gong,Хайперпоп
GINcw,Тима Белорусских,Паровозик,Джаз
KMPRr,Глюк'oZa,Конечная станция,Класическая музыка
HIagm,Эндшпиль,Хентай,Рэп
DFNRU,Макс Корж,Downtown Baby,Рэп
aelps,Элджей,Бумеранг,Класическая музыка
UZekq,Gorillaz,ZOOM,Инди
HKWag,Crazy Frog,RARARA,Хайперпоп
KMQam,MAYOT,Gong,Хайперпоп
OTgqs,ANNA ASTI,ТЫ ГОРИШЬ КАК ОГОНЬ,Поп
GQSik,Гражданская оборона,Fendi,Класическая музыка
ITarv,NILETTO,Конечная станция,Класическая музыка
Entvw,Ariana Grande,VLAGA,Инди
BIeoz,Даня Милохин,Ripeerr,Рэп
AQVYr,twenty one pilots,Minute,Хайперпоп
GXYkv,T-Fest,Cristal & МОЁТ,Панк
Rfhmo,IC3PEAK,ARISTOCRAT,Джаз
Xfqux,BTS,THATS WHAT I WANT,Инди
AEHPj,Маша и медведь,99 Problems,Класическая музыка
Rqrwx,Little Big,Next Level,Джаз
FHLUg,КИНО,Ты не моя пара,Рок
DVsyz,FADE031,Прятки,Джаз
DIXdu,Монеточка,Зацепила,Рок
Wlmny,Boulevard Depo,Синий Lamborghini,Рок
Gcuwx,Imagine Dragons,Расстреляй меня,Электронная
ACJck,XXXTentacion,Снова я напиваюсь,Поп
FGNRd,вышел покурить,Кукла колдуна,Рок
FIUjk,Miyagi,Ты далеко,Панк
Ucixz,Ганвест,Blinding Lights,Детские песни
DEHSz,Юрий Шатунов,Downtown Baby,Рэп
Zbcpq,Магамет Дзыбов,Лесник,Панк
DHYlo,Глюк'oZa,На чиле,Класическая музыка
HNajt,OG BUDA,Малышка,Хайперпоп
KPTVZ,TVETH,Нету интереса,Детские песни
TXbru,Буерак,ДЕВОЧКА НЕ ПЛАЧЬ,Детские песни
IQSaj,Тима Белорусских,SHAKE,Класическая музыка
LTZfl,SALUKI,Ghost,Электронная
bcdqy,МУККА,LOCO,Рок
OQeno,INSTASAMKA,Паровозик,Джаз
EOPcn,Michael Jackson,Платина,Хайперпоп
DHOWx,Юрий Шатунов,Бумеранг,Класическая музыка
Uamor,Гражданская оборона,МАЛИНОВАЯ ЛАДА,Рок
CGRWp,Skrillex,Cadillac,Рэп
OXjtx,Joji,FIRST,Джаз
PQgtw,Crazy Frog,PARANOIA,Джаз
CPjnq,ДЕТИ RAVE,Секрет,Панк
BCXbs,ХЛЕБ,Хентай,Рэп
cenrz,Oxxxymiron,X.O,Инди
HIKoz,SLAVA MARLOW,Самурай,Панк
INdqr,Yanw,ZOOM,Инди
CJTab,МЭЙБИ БЭЙБИ,Bad Habits,Джаз
EVYbm,Loqiemean,Celebrity,Класическая музыка
Hflrv,Selena Gomez,Butter,Хайперпоп
AWikt,Дора,Fraint,Инди
JSdew,Эндшпиль,MUTANT,Джаз
Rahmx,ANNA ASTI,Я так соскучился,Рок
Ubdew,Ганвест,Патрон,Детские песни
BCFUj,Элджей,Next Level,Джаз
Iejmw,Валентин Стрыкало,Снова я напиваюсь,Поп
Fcgsw,Lil Nas X,RARARA,Хайперпоп
Zbkqx,Три дня дождя,X.O,Инди
KRSjr,Lil Peep,Кукла колдуна,Рок
KZtwx,Николай Басков,Fendi,Класическая музыка
ABHXe,Imagine Dragons,ARISTOCRAT,Джаз
APQUc,Ed Sheeran,Зацепила,Рок
UYsty,LIDA,Расстреляй меня,Электронная
CKYjz,nkeeei,Ты далеко,Панк
Tdosx,Король и Шут,Хентай,Рэп
FPdms,DEAD BLONDE,Малышка,Хайперпоп
JPVmr,Marshmello,LOCO,Рок
HJYgv,Виктор Цой,Bad Habits,Джаз
HXjrs,T1One,VLAGA,Инди
AMNpq,Смоки Мо,Ты не моя пара,Рок
FMPRt,Джизус,MUTANT,Джаз
FLOVh,Дима Билан,FIRST,Джаз
JKPns,Oliver Tree,Нету интереса,Детские песни
ABCMk,LOVV66,ДЕВОЧКА НЕ ПЛАЧЬ,Детские песни
DJnsz,КлоуКома,99 Problems,Класическая музыка
AGXbt,ROCKET,ТЫ ГОРИШЬ КАК ОГОНЬ,Поп
IKSaj,Магамет Дзыбов,МАЛИНОВАЯ ЛАДА,Рок
Xgkmu,MONATIK,Minute,Хайперпоп
DEbdt,Скриптонит,Butter,Хайперпоп
ADXrs,GUF,Я так соскучился,Рок
DJPde,вышел покурить,PARANOIA,Джаз
CTdtz,ЕГОР ШИП,Лесник,Панк
CNegp,Little Big,Ghost,Электронная
HMNSi,Дайте танк (!),Конечная станция,Класическая музыка
Fbdtw,Джиган,Cristal & МОЁТ,Панк
GQSuz,Rakhim,Cadillac,Рэп
IMVgm,DAVA,Секрет,Панк
EZdmy,IC3PEAK,Gong,Хайперпоп
EQfix,Gorillaz,Celebrity,Класическая музыка
MRWdy,Даня Милохин,THATS WHAT I WANT,Инди
GHOio,GONE.Fludd,На чиле,Класическая музыка
DYoqv,BTS,Синий Lamborghini,Рок
PQkmr,NILETTO,Blinding Lights,Детские песни
IPbcv,Bruno Mars,SHAKE,Класическая музыка
EIWYj,Miyagi,ZOOM,Инди
MTaho,Pyrokinesis,Патрон,Детские песни
BUahs,АИГЕЛ,Fraint,Инди
ACPVl,Boulevard Depo,Downtown Baby,Рэп
Bcfpw,LIZER,Платина,Хайперпоп
AIMiq,MAYOT,Ripeerr,Рэп
KRXgs,Александр Пушной,Прятки,Джаз
IZfnt,Нервы,Самурай,Панк
CJTix,Драгни,Бумеранг,Класическая музыка
ETVbu,Витя АК,Паровозик,Джаз
UZfrx,Noize MC,99 Problems,Класическая музыка
PVcqu,Монеточка,PARANOIA,Джаз
LNVqt,SQWOZ BAB,Fraint,Инди
TZouv,The Weeknd,Ripeerr,Рэп
JPkmy,Иван Дорн,FIRST,Джаз
FIJPj,Post Malone,Blinding Lights,Детские песни
KPSrt,Макс Корж,Прятки,Джаз
Blory,Григорий Лепс,Секрет,Панк
AKMRf,CMH,VLAGA,Инди
ISjmz,PHARAOH,Паровозик,Джаз
ALjvy,Фиксики,Ты далеко,Панк
DYhjo,Ariana Grande,Малышка,Хайперпоп
FIYcp,The Neighbourhood,X.O,Инди
Bcjky,LXNER,Next Level,Джаз
BQVjt,Travis Scott,Gong,Хайперпоп
IRUXp,ЛСП,Кукла колдуна,Рок
DHJOV,MIA BOYKA,Самурай,Панк
CUVYf,Антоха МС,Зацепила,Рок
AENQu,Маша и медведь,МАЛИНОВАЯ ЛАДА,Рок
NUYbr,The Limba,Cadillac,Рэп
HZjmn,Eminem,Бумеранг,Класическая музыка
ADcqu,twenty one pilots,Butter,Хайперпоп
BDWiw,FADE031,Я так соскучился,Рок
HPUkq,КИНО,Синий Lamborghini,Рок
EGLMa,XXXTentacion,Minute,Хайперпоп
XZnxy,Грибы,RARARA,Хайперпоп
CKMpu,T-Fest,Bad Habits,Джаз
Qbeik,Виктор Цой,THATS WHAT I WANT,Инди
GJadq,Yanw,Патрон,Детские песни
Icfgp,nkeeei,Расстреляй меня,Электронная
ABFSa,OG BUDA,Хентай,Рэп
BFKYg,IC3PEAK,Лесник,Панк
QSUkx,Король и Шут,Ты не моя пара,Рок
BDnqz,XXXTentacion,Конечная станция,Класическая музыка
ACJNg,Юрий Шатунов,ARISTOCRAT,Джаз
Ebdfn,Даня Милохин,На чиле,Класическая музыка
RZboz,Imagine Dragons,ДЕВОЧКА НЕ ПЛАЧЬ,Детские песни
HOSWg,Skrillex,Celebrity,Класическая музыка
DSYgn,Монеточка,ZOOM,Инди
Aghjo,Post Malone,Downtown Baby,Рэп
QVcvz,Rakhim,Ghost,Электронная
LTcit,Элджей,ТЫ ГОРИШЬ КАК ОГОНЬ,Поп
GIYku,Crazy Frog,Нету интереса,Детские песни
HKSXq,Эндшпиль,Fendi,Класическая музыка
EGXYe,Little Big,LOCO,Рок
BGadh,Магамет Дзыбов,SHAKE,Класическая музыка
TZilt,BTS,Платина,Хайперпоп
FKRjs,Marshmello,Cristal & МОЁТ,Панк
MOopx,Gorillaz,MUTANT,Джаз
LObit,КлоуКома,Снова я напиваюсь,Поп
LRUho,MONATIK,Самурай,Панк
GXchv,INSTASAMKA,На чиле,Класическая музыка
Oagst,DAVA,Конечная станция,Класическая музыка
BHJNP,MIA BOYKA,Я так соскучился,Рок
GTXqw,Pyrokinesis,Blinding Lights,Детские песни
chjuw,Скриптонит,Next Level,Джаз
IXctz,ANNA ASTI,ARISTOCRAT,Джаз
MQilm,Гражданская оборона,PARANOIA,Джаз
LUhjz,вышел покурить,Секрет,Панк
Tachu,DEAD BLONDE,Бумеранг,Класическая музыка
Pabsv,Антоха МС,Синий Lamborghini,Рок
GRZbv,Григорий Лепс,Расстреляй меня,Электронная
IWYZf,SLAVA MARLOW,Fendi,Класическая музыка
IVWhi,МЭЙБИ БЭЙБИ,FIRST,Джаз
BJPRT,Валентин Стрыкало,THATS WHAT I WANT,Инди
JOhkt,Смоки Мо,Зацепила,Рок
EIKLO,Joji,Celebrity,Класическая музыка
Iaguw,Буерак,ZOOM,Инди
CHJpv,Джиган,Кукла колдуна,Рок
VZhlv,Michael Jackson,Minute,Хайперпоп
LWaln,Маша и медведь,Ghost,Электронная
CDIrz,Джизус,Ты не моя пара,Рок
ESijn,Три дня дождя,MUTANT,Джаз
GQdez,Noize MC,МАЛИНОВАЯ ЛАДА,Рок
DPfht,КИНО,ДЕВОЧКА НЕ ПЛАЧЬ,Детские песни
ACEMj,Витя АК,Ты далеко,Панк
CEFUy,The Neighbourhood,Cristal & МОЁТ,Панк
GHOsw,Александр Пушной,Ripeerr,Рэп
BWoqy,T-Fest,SHAKE,Класическая музыка
BLUdf,Selena Gomez,Cadillac,Рэп
DQSkl,Ed Sheeran,Butter,Хайперпоп
mnqtw,Иван Дорн,Downtown Baby,Рэп
KPZjl,Lil Peep,Патрон,Детские песни
CIPdn,Дима Билан,Fraint,Инди
egjyz,LIDA,Bad Habits,Джаз
MXfnq,Нервы,Хентай,Рэп
GQTtx,Oliver Tree,RARARA,Хайперпоп
bfhjt,Ганвест,ТЫ ГОРИШЬ КАК ОГОНЬ,Поп
ILMTZ,SALUKI,LOCO,Рок
FKRmu,CMH,Малышка,Хайперпоп
HNQxy,twenty one pilots,Снова я напиваюсь,Поп
STYci,Драгни,VLAGA,Инди
NORSw,TVETH,Прятки,Джаз
ACbdg,NILETTO,Платина,Хайперпоп
MQejw,Глюк'oZa,Нету интереса,Детские песни
DEkwy,Грибы,Gong,Хайперпоп
AVZbg,GONE.Fludd,X.O,Инди
Wjksx,Miyagi,99 Problems,Класическая музыка
EQdeo,The Weeknd,Паровозик,Джаз
CMfsu,GUF,Лесник,Панк
